{
  "mse": 0.6536995137170021,
  "r2": 0.8072059636181392
}